{
  "package": {
    "name": "$(echo $TRAVIS_REPO_SLUG | cut -d '/' -f 2)",
    "repo": "builds",
    "subject": "18jafenn90",
    "vcs_url": "https://github.com/$TRAVIS_REPO_SLUG",
    "issue_tracker_url": "https://github.com/$TRAVIS_REPO_SLUG/issues",
    "licenses": ["Apache-2.0"]
  },

  "version": {
    "name": "$TRAVIS_COMMIT",
    "desc": "$TRAVIS_COMMIT_MESSAGE"
  },

  "files": [
    {
      "includePattern": "app/build/outputs/apk/(.*)/(.*\\-debug\\.apk)",
      "uploadPattern": "/$TRAVIS_COMMIT/\$2",
      "matrixParams": {
        "override": 1
      }
    }
  ],
  "publish": true
}